,count,mean,std,min,25%,50%,75%,max
Total day minutes,2133.0,180.24528832630097,53.95015699293841,0.0,144.1,180.8,216.4,346.8
Customer service calls,2133.0,1.5485232067510548,1.296232788100988,0.0,1.0,1.0,2.0,9.0
International plan,2133.0,0.10173464603844351,0.3023699244390559,0.0,0.0,0.0,0.0,1.0
Total intl minutes,2133.0,10.184013127051102,2.736375498103165,0.0,8.4,10.2,12.0,18.2
Total intl calls,2133.0,4.4739803094233475,2.4755659526113263,0.0,3.0,4.0,6.0,20.0
Total eve minutes,2133.0,200.26160337552741,51.4795929682306,0.0,165.0,200.6,235.9,363.7
Number vmail messages,2133.0,8.14299109235818,13.668677092194075,0.0,0.0,0.0,20.0,50.0
Voice mail plan,2133.0,0.27941865916549463,0.4488187953284042,0.0,0.0,0.0,1.0,1.0
