{
  "sample_prediction": {
    "features": [
      0.41408044219129014,
      -0.6924665449370534,
      -0.5894135350539065,
      0.09258971802938257,
      -0.1656392174880853,
      0.09307523798796746,
      2.9683554704266797,
      -0.9933507851051638,
      2.969231869761975,
      0.28817860098492404,
      -0.5205380963641698,
      0.28770219026707844,
      -0.5513335430355114,
      -0.19031654165533426,
      -0.5506920736845049,
      -0.42917241045590593,
      -0.14104213720816872,
      -0.15932550136313833,
      -0.13825031590233275,
      -0.14104213720816872,
      -0.15932550136313833,
      -0.14104213720816872,
      -0.13965266939387033,
      -0.18475656514200556,
      -0.13540534173325913,
      -0.12024834778323006,
      -0.1424190976929604,
      -0.1464784581340137,
      -0.1478088330604819,
      -0.16055885470853806,
      -0.14513692210654028,
      -0.14378391137392488,
      -0.15043728614195626,
      -0.13103060504409667,
      -0.13103060504409667,
      -0.15932550136313833,
      -0.13103060504409667,
      -0.12803687993289595,
      8.670145821808797,
      -0.13683467930760507,
      -0.12803687993289595,
      -0.15173592603915304,
      -0.13396186335065202,
      -0.15302452979130596,
      -0.1543033499620919,
      -0.13965266939387033,
      -0.14378391137392488,
      -0.15173592603915306,
      -0.0953101634249032,
      -0.13683467930760507,
      -0.1464784581340137,
      -0.13540534173325913,
      -0.16420889398222605,
      -0.12954182005298218,
      -0.15302452979130596,
      -0.13103060504409667,
      -0.16178374450050148,
      -0.12803687993289595,
      -0.13683467930760507,
      -0.13540534173325913,
      -0.14912834674762868,
      -0.1368346793076051,
      -0.12497618820818475,
      -0.11699663639505477,
      -0.12954182005298215,
      -0.12954182005298218,
      -0.15043728614195626,
      0.335690054993744,
      -0.33569005499374405,
      -0.6157948610663092,
      0.6157948610663092
    ],
    "prediction": 0,
    "actual": 0
  }
}